{
  "project_info": {
    "project_number": "531470148092",
    "project_id": "study-app-7aa75",
    "storage_bucket": "study-app-7aa75.appspot.com"
  },
  "client": [
    {
      "client_info": {
        "mobilesdk_app_id": "1:531470148092:android:6e5d44a9a8c89105089279",
        "android_client_info": {
          "package_name": "com.example.study_project"
        }
      },
      "oauth_client": [],
      "api_key": [
        {
          "current_key": "AIzaSyD4gMA1tiBxZ8-_cwNgGEYDZvCh73aXCus"
        }
      ],
      "services": {
        "appinvite_service": {
          "other_platform_oauth_client": []
        }
      }
    }
  ],
  "configuration_version": "1"
}